model,pressure_mae,pressure_rmse,pressure_mape,wear_mae_um,predicted_life,life_abs_error,life_rel_error
Transformer,10.783294677734375,12.019840240478516,0.10054132342338562,0.15338643979102473,25179.890922135786,1261.18479476609,0.05272796898168925
LSTM,15.334811210632324,19.746667861938477,0.1299973875284195,0.34415452595685136,25649.43237913968,1730.726251769982,0.07235869041384084
GRU,4.35875129699707,5.234343528747559,0.047513995319604874,0.07810130218584366,22156.66987666701,1762.0362507026875,0.07366770766443861
FNN,15.82317066192627,16.34341812133789,0.15664172172546387,0.2529572325660338,27155.468859521556,3236.7627321518594,0.1353234876048791
1D-CNN,27.262861251831055,29.704896926879883,0.2539305090904236,0.5712624003273583,30143.6369691423,6224.930841772602,0.2602536612400425
