variant,seed_count,mean_pressure_mae,std_pressure_mae,mean_pressure_rmse,mean_pressure_mape,mean_wear_mae_um,std_wear_mae_um,mean_life_abs_error,std_life_abs_error,mean_life_rel_error,median_life_abs_error,max_life_abs_error,min_life_abs_error,row_count,life_error_win_count,delta_vs_baseline,model
M1_R3_log_cycle_keep__S0_no_shape_loss,1,12.067479610443115,0.0,14.669689416885376,0.0955557152628898,0.1734350743911293,0.0,3047.886169502427,0.0,0.0837858492067135,2006.244576184794,7677.058697566768,501.996828073352,4,1,0.0,M1_R3_log_cycle_keep__S0_no_shape_loss
M1_R3_log_cycle_keep__S1_slow_abs_0p003,1,12.138322830200195,0.0,14.759016036987305,0.0960081834346056,0.17585715087822032,0.0,3072.8950672382107,0.0,0.08424385893428385,2016.8734741175922,7767.562743125469,490.2705775921895,4,2,25.00889773578365,M1_R3_log_cycle_keep__S1_slow_abs_0p003
M1_0_5d_baseline__S1_slow_abs_0p03,1,14.74445128440857,0.0,17.50977122783661,0.10855922289192677,0.17336655777852425,0.0,3081.8297261880625,0.0,0.0997025928516346,3237.540004947088,5133.266918121852,718.9719767362221,4,1,33.943556685635485,M1_0_5d_baseline__S1_slow_abs_0p03
