round_id,test_case,pressure_mae,pressure_rmse,pressure_mape,wear_mae_um,predicted_life,true_life,life_abs_error,life_rel_error,actual_epochs,best_score,final_lr,validation_mode,validation_file
seq12_mild,Run11.xlsx,1.0710930824279785,1.5488606691360474,0.01171061396598816,0.07158696092820922,23068.091441789496,23918.706127369696,850.6146855801999,0.035562738262286626,1800.0,0.00021090488007757813,0.0005,no_validation,
seq12_mild,Run4.xlsx,1.7442868947982788,2.159956216812134,0.0102061927318573,0.08379378256254792,37480.59719362634,38722.98916828896,1242.3919746626198,0.03208409271462028,1800.0,0.00021090488007757813,0.0005,no_validation,
seq12_mild,Run8.xlsx,1.4637008905410767,1.793520450592041,0.020711010321974754,0.06947042524716816,40126.91185916109,41489.80405662315,1362.8921974620607,0.0328488463238355,1800.0,0.00021090488007757813,0.0005,no_validation,
seq12_mild,Run10.xlsx,1.8944803476333618,2.341811418533325,0.03224228322505951,0.17229072718631186,63051.94206469582,71205.57050271094,8153.628438015119,0.11450829451193983,1800.0,0.00021090488007757813,0.0005,no_validation,
