round_id,test_case,pressure_mae,pressure_rmse,pressure_mape,wear_mae_um,predicted_life,true_life,life_abs_error,life_rel_error,actual_epochs,best_score,final_lr,validation_mode,validation_file
seq10_mild,Run11.xlsx,2.3821985721588135,2.7749485969543457,0.02142266370356083,0.12811528014643392,22419.20086310378,23918.706127369696,1499.5052642659175,0.06269173826882148,1800.0,0.00021089595975354314,0.0005,no_validation,
seq10_mild,Run4.xlsx,2.9522926807403564,3.4761574268341064,0.016567567363381386,0.03596629118079901,38098.74540388343,38722.98916828896,624.2437644055244,0.016120753532031826,1800.0,0.00021089595975354314,0.0005,no_validation,
seq10_mild,Run8.xlsx,1.1492769718170166,1.3894808292388916,0.014487514272332191,0.10786220630160492,39255.409073046256,41489.80405662315,2234.3949835768944,0.05385407413656394,1800.0,0.00021089595975354314,0.0005,no_validation,
seq10_mild,Run10.xlsx,3.8629910945892334,4.7008056640625,0.06252755224704742,0.2599573169438476,59845.72787318421,71205.57050271094,11359.842629526727,0.1595358698670104,1800.0,0.00021089595975354314,0.0005,no_validation,
