round_id,test_case,pressure_mae,pressure_rmse,pressure_mape,wear_mae_um,predicted_life,true_life,life_abs_error,life_rel_error,actual_epochs,best_score,final_lr,validation_mode,validation_file
seq20_mild,Run11.xlsx,3.3906033039093018,3.818960189819336,0.037001583725214005,0.02800133067478356,23789.93005478561,23918.706127369696,128.77607258408534,0.005383906299042215,1800.0,0.0001719693245831877,0.0005,no_validation,
seq20_mild,Run4.xlsx,1.3141003847122192,1.7021321058273315,0.007728555239737034,0.07121889996558632,37627.81905157778,38722.98916828896,1095.170116711175,0.028282168815831815,1800.0,0.0001719693245831877,0.0005,no_validation,
seq20_mild,Run8.xlsx,1.8073413372039795,2.2243294715881348,0.02533647231757641,0.0674537042083974,40255.1764921464,41489.80405662315,1234.627564476752,0.02975737274612808,1800.0,0.0001719693245831877,0.0005,no_validation,
seq20_mild,Run10.xlsx,2.768965482711792,3.282341957092285,0.047496307641267776,0.19263026625877414,62027.41836920021,71205.57050271094,9178.152133510725,0.12889654655826813,1800.0,0.0001719693245831877,0.0005,no_validation,
