round_id,test_case,pressure_mae,pressure_rmse,pressure_mape,wear_mae_um,predicted_life,true_life,life_abs_error,life_rel_error,actual_epochs,best_score,final_lr,validation_mode,validation_file
seq12_val_mild,Run11.xlsx,19.711214065551758,26.032867431640625,0.1698293387889862,0.3188962113634687,24347.272357787057,23918.706127369696,428.5662304173602,0.017917617622592072,233.0,0.008312446065247059,0.000125,with_validation,Run28.csv
seq12_val_mild,Run4.xlsx,62.55842971801758,63.25858688354492,0.36134037375450134,0.815269124981251,66212.1343320707,38722.98916828896,27489.145163781737,0.709892127498596,233.0,0.008312446065247059,0.000125,with_validation,Run28.csv
seq12_val_mild,Run8.xlsx,15.196999549865723,18.38466453552246,0.18241527676582336,0.15975740221921061,36198.559510405394,41489.80405662315,5291.244546217757,0.1275312011355016,233.0,0.008312446065247059,0.000125,with_validation,Run28.csv
seq12_val_mild,Run10.xlsx,24.34677505493164,25.508041381835938,0.4800666868686676,0.5799384071160286,41581.73491808914,71205.57050271094,29623.835584621796,0.4160325572209826,233.0,0.008312446065247059,0.000125,with_validation,Run28.csv
