round_id,test_case,pressure_mae,pressure_rmse,pressure_mape,wear_mae_um,predicted_life,true_life,life_abs_error,life_rel_error,actual_epochs,best_score,final_lr,validation_mode,validation_file
seq10_val_regularized,Run11.xlsx,1.8736332654953003,2.3169138431549072,0.019352637231349945,0.07113138380518591,23094.804547009586,23918.706127369696,823.9015803601105,0.03444590923826504,752.0,0.0008405444677919149,0.000125,with_validation,Run28.csv
seq10_val_regularized,Run4.xlsx,5.934096813201904,6.090779781341553,0.034715477377176285,0.003982170388042268,38846.917586752694,38722.98916828896,123.9284184637363,0.0032003835738286393,752.0,0.0008405444677919149,0.000125,with_validation,Run28.csv
seq10_val_regularized,Run8.xlsx,2.4795846939086914,2.773655652999878,0.03383075073361397,0.09273194063495295,39843.28840539039,41489.80405662315,1646.5156512327594,0.03968482591495683,752.0,0.0008405444677919149,0.000125,with_validation,Run28.csv
seq10_val_regularized,Run10.xlsx,5.020163536071777,5.873252868652344,0.08254936337471008,0.3351704234227246,55511.576267572855,71205.57050271094,15693.994235138081,0.22040402351021934,752.0,0.0008405444677919149,0.000125,with_validation,Run28.csv
