round_id,test_case,pressure_mae,pressure_rmse,pressure_mape,wear_mae_um,predicted_life,true_life,life_abs_error,life_rel_error,actual_epochs,best_score,final_lr,validation_mode,validation_file
seq8_mild,Run11.xlsx,1.1643004417419434,1.4692882299423218,0.012134586460888386,0.09259682282939759,22823.28682130403,23918.706127369696,1095.4193060656653,0.04579759875941613,1800.0,0.0001715004473226145,0.0005,no_validation,
seq8_mild,Run4.xlsx,1.9294347763061523,2.2824649810791016,0.011940579861402512,0.07649522083748488,37603.52078341164,38722.98916828896,1119.4683848773202,0.02890965829141299,1800.0,0.0001715004473226145,0.0005,no_validation,
seq8_mild,Run8.xlsx,1.2162374258041382,1.4647204875946045,0.01639510691165924,0.12151472697987818,38530.65721851454,41489.80405662315,2959.146838108609,0.07132226592514435,1800.0,0.0001715004473226145,0.0005,no_validation,
seq8_mild,Run10.xlsx,4.645139217376709,4.927868366241455,0.08238760381937027,0.25636478685629177,59541.646899675885,71205.57050271094,11663.923603035051,0.16380633594658134,1800.0,0.0001715004473226145,0.0005,no_validation,
