split,rmse,mae,mape
train_pressure,0.408244788646698,0.26440176367759705,0.0024378628004342318
test_pressure,11.712149620056152,11.318440437316895,0.11886682361364365
