test_case,config,mono_lambda,slow_lambda,pressure_mae,pressure_rmse,pressure_mape,wear_mae_um,predicted_life,true_life,life_abs_error,life_rel_error
试验7.xlsx,baseline,0.0,0.0,32.31024169921875,38.32884216308594,0.14702478051185608,0.395106523269331,17709.089259480672,14533.749424829995,3175.3398346506765,0.21848043074320578
试验7.xlsx,shape_v1,0.05,0.0,26.844303131103516,28.69304656982422,0.12986770272254944,0.2219438469440213,16360.470213480967,14533.749424829995,1826.7207886509714,0.12568819891239724
试验7.xlsx,shape_v2,0.05,0.01,30.258729934692383,34.24969482421875,0.14101542532444,0.3321853929638326,17086.948448346262,14533.749424829995,2553.1990235162666,0.17567380232621094
试验12.xlsx,baseline,0.0,0.0,19.609573364257812,20.172197341918945,0.13863980770111084,0.2850615002503078,13328.233230158958,15664.267528137914,2336.0342979789566,0.14913140967381397
试验12.xlsx,shape_v1,0.05,0.0,27.644102096557617,28.087867736816406,0.19482724368572235,0.36001241151103314,12749.36316493507,15664.267528137914,2914.9043632028443,0.18608622190388194
试验12.xlsx,shape_v2,0.05,0.01,23.984790802001953,24.549129486083984,0.1651882529258728,0.3485562349214229,12965.417850041396,15664.267528137914,2698.849678096518,0.17229338513585404
